first_name,last_name,birth_city,birth_country,native_language,birthday
Ram,Mitchelmore,Sijiqing,China,Belarusian,11/14/1997
Janine,Cawsey,Fengshou,China,Danish,12/21/2000
Lorette,Mackriell,Shapaja,Peru,Tok Pisin,2/1/2012
Tremain,Shermore,Jaguariaíva,Brazil,Dutch,4/20/2005
Moselle,Bousler,Nanzhao,China,Belarusian,11/16/2007
Orlando,Dumphy,Jitan,China,Spanish,1/27/2015
Jack,Featherstonhaugh,Chingas,Peru,Portuguese,5/10/2019
Amalee,Springate,Wailiang,Indonesia,Burmese,3/4/2004
Ker,Arden,Akune,Japan,Hebrew,1/11/2015
Glory,Kelcey,Fagatogo,American Samoa,Filipino,1/22/2013
Suzann,Cockarill,Nsanje,Malawi,Lao,7/19/2019
Lynette,De Malchar,Okpo,Nigeria,Croatian,1/26/1992
Sally,Titherington,Nanterre,France,Oriya,4/17/1997
Kerry,Bosse,Baganga,Philippines,Danish,3/2/2019
Carlyle,Henriques,Lanshan,China,Swahili,9/21/1992
Marilee,Pedro,Pingding,China,Mongolian,11/16/1997
Eustacia,Andreassen,Michałów,Poland,Māori,6/7/1995
Adham,Coales,Gaofeng,China,Persian,11/19/2020
Felice,Hurtado,Librazhd-Qendër,Albania,Belarusian,7/17/2012
Bryn,Heinke,McKinley,Philippines,Zulu,3/10/2015
Iris,Burlingham,Huillapima,Argentina,Portuguese,2/10/2012
Paula,Fayerbrother,Adtugan,Philippines,Kurdish,11/3/1992
Cassie,Mikalski,Samborondón,Ecuador,Bengali,5/22/1998
Nikki,Babe,Jianfeng,China,Moldovan,11/28/1995
Earlie,Sandiland,Öldziyt,Mongolia,Fijian,5/1/1997
Mylo,Rablen,Villa Dolores,Argentina,Thai,9/28/2016
Gualterio,Shrimplin,Salamina,Colombia,Northern Sotho,10/20/2005
Curtice,Hollingsbee,Pirca,Peru,Burmese,10/31/2013
Norby,Sturton,Zelenogradsk,Russia,Korean,3/26/1993
Johny,Otley,Cabaritan East,Philippines,Swahili,1/9/2011
Marice,Swindall,Dzhalilabad,Azerbaijan,Nepali,7/30/1993
Roi,Neljes,Yongning,China,New Zealand Sign Language,12/21/2013
Aeriela,Passler,Portela,Portugal,Khmer,7/17/2019
Eduard,Seppey,Salta,Argentina,Spanish,9/22/1994
Carlen,Daniell,Librazhd,Albania,Punjabi,7/28/2017
Deva,Gullivan,Kiboga,Uganda,Albanian,7/5/1991
Nan,Chown,Le Mans,France,Croatian,6/18/1999
Alla,Eilles,Ḩadādah,Yemen,Assamese,2/20/1998
Wally,Abele,Curug,Indonesia,Swati,11/9/1995
Belinda,Longcaster,Budënnovsk,Russia,Tsonga,3/21/1995
Barbabas,Clyant,Tiantang,China,Tamil,10/22/1992
Kaycee,Bullivent,Piškorevci,Croatia,Papiamento,5/6/1993
Nickie,Kasparski,Gaptsakh,Russia,Sotho,8/29/2005
Tan,Kinver,Tumu’ertai,China,Tamil,8/6/2003
Mile,Ronci,Rosais,Portugal,Māori,1/12/1998
Jade,Nuttey,Leer,South Sudan,Persian,1/4/1996
Binnie,Martinyuk,Tianjiazhai,China,Catalan,12/25/2009
Gladi,Spikeings,Paraíso,Portugal,Hebrew,9/28/2004
Kristy,Fyfield,Ore,Nigeria,Italian,12/7/2020
Ulick,Jury,Sarandë,Albania,Korean,6/24/1999
Bren,Brabin,Rockford,United States,Thai,8/1/2000
Sophi,Claiden,Trzebunia,Poland,Tajik,9/24/2006
Dreddy,Burkert,Dobratice,Czech Republic,Marathi,1/24/2021
Kathie,Douris,Borogontsy,Russia,Dhivehi,8/9/2016
Constanta,McNerlin,Santa Teresa,Philippines,Finnish,4/26/2018
Livia,Cordobes,Ponte,Portugal,Georgian,11/8/2002
Sumner,Ovize,Wuhu,China,Croatian,3/6/2019
Norrie,Lashmar,Mulan,China,Somali,10/30/1998
Giana,O'Sesnane,Horad Barysaw,Belarus,Kazakh,10/13/2005
My,Bremen,Kawengan,Indonesia,Aymara,10/17/1995
Ashlie,Hursthouse,Wolanów,Poland,Luxembourgish,10/14/1995
Alma,Aleswell,Kebon,Indonesia,Papiamento,3/27/2009
Hazel,Rouse,Al ‘Awjā,Palestinian Territory,Georgian,10/10/2003
Melanie,Presidey,Guansheng,China,Greek,1/5/2013
Lily,Behnen,Shuangcheng,China,Sotho,9/25/2000
Vania,Musprat,Cotia,Brazil,Quechua,11/1/2011
Gabriella,Seres,Negotino,Macedonia,Romanian,7/15/2016
Kendra,Colisbe,Manakara,Madagascar,Hebrew,11/15/2003
Minnie,Beere,Yinyang,China,Ndebele,9/4/1994
Hillie,Owain,Hasuda,Japan,Catalan,2/3/1993
Erich,Duligal,Rusnė,Lithuania,Zulu,4/21/2001
Lyndsey,Lourens,Zhuangtou,China,Kannada,8/10/2010
Kissie,Shaplin,Cilolohan,Indonesia,Ndebele,4/9/2019
Fallon,Bradburn,Shajing,China,Tswana,3/16/2007
Sibylle,Shand,Lagkadás,Greece,Estonian,1/17/2020
Venus,Mizzen,Melenki,Russia,Nepali,7/13/2002
Mersey,Brazelton,Lhuentse,Bhutan,Northern Sotho,6/26/2019
Francyne,Norres,Kampong Chhnang,Cambodia,Romanian,9/1/2014
Taddeusz,Potier,Careva Ćuprija,Bosnia and Herzegovina,Thai,7/21/2018
Sayre,Bushe,Alcácer do Sal,Portugal,Filipino,6/8/2006
Bernadette,Filippov,San Jose,Philippines,Arabic,10/2/1995
Ephraim,Bonass,Stockholm,Sweden,Swati,2/10/2005
Faunie,O'Halleghane,Dazuo,China,Norwegian,12/23/2017
Celestina,Corstorphine,Skogås,Sweden,Greek,3/9/2021
Clevey,Vial,Armamar,Portugal,Kyrgyz,1/17/2006
Cecil,Blaszkiewicz,Nizhnyaya Salda,Russia,Estonian,12/1/2010
Marilin,Lilie,Tipo-Tipo,Philippines,Lithuanian,2/18/2017
Berna,Brolechan,Dolní Počernice,Czech Republic,Pashto,8/28/2018
Clarisse,Dufore,Mayo,Philippines,Azeri,5/13/2009
Dawn,Bowlas,Sośno,Poland,Kazakh,10/5/1990
Gayle,Dunnan,Lucheng,China,Bosnian,10/30/2006
Gaston,Isacke,Amancio,Cuba,Pashto,10/7/2009
Netty,Seton,Langres,France,Northern Sotho,5/28/2007
Ignacio,Vasyunkin,Jukui,China,Swati,1/3/1992
Natalya,Feore,Baloc,Philippines,Japanese,2/22/2014
Jeth,Elman,Peshtera,Bulgaria,Hungarian,11/4/1999
Antonetta,Martynov,Cikadongdong,Indonesia,Assamese,10/21/2003
Mallissa,Roby,Chiang Yuen,Thailand,Bengali,2/2/1990
Gaelan,Struan,Moravský Písek,Czech Republic,Bislama,11/15/2017
Sybyl,Petrello,Kotlas,Russia,Latvian,11/1/1992
Letitia,Levine,Pital,Costa Rica,Dzongkha,2/12/2000
Jobey,Gleadhall,Đà Bắc,Vietnam,Persian,12/22/2006
Caro,McIlvoray,Llaillay,Chile,Somali,2/7/2001
Pierre,Hassey,Zhitang,China,Indonesian,11/6/2008
Berthe,Orht,Kaligutan,Philippines,Tetum,5/28/2014
Tawnya,Slaight,Gonbad-e Kāvūs,Iran,Chinese,5/20/1997
Cordula,Bavridge,Río Bueno,Chile,New Zealand Sign Language,4/19/2001
Axel,Dugget,Baška Voda,Croatia,Tamil,5/21/2019
Sheffie,Obin,Jindřichov,Czech Republic,Guaraní,7/9/2009
Arie,Lively,Zavoronezhskoye,Russia,Papiamento,12/9/2016
Molly,Roseborough,San Diego,United States,Tajik,8/7/2003
Vittorio,Rentoul,Mizhou,China,Catalan,7/9/2017
Willow,Tiesman,Huangqi,China,Estonian,9/24/2010
Blakeley,Fenkel,Jurh,China,Korean,11/13/2017
Susanetta,Tomik,Karangora,Indonesia,Arabic,7/19/2007
Dyann,Stores,Usukhchay,Russia,Azeri,2/28/1995
Odele,Surman,Libas,Philippines,Tajik,2/15/1995
Kristy,Oliveto,Bindang,Indonesia,Malagasy,3/18/1994
Anne-corinne,Ducaen,Namyangju,South Korea,Nepali,8/22/2006
Dorisa,Guntrip,Xiasi,China,Hungarian,4/26/2010
Nan,Leneham,Huangpi,China,Somali,12/30/2002
Frants,Luchetti,‘Abbāsābād,Iran,Pashto,5/6/2019
Avivah,Kearn,Dmanisi,Georgia,Chinese,2/14/2005
Jacintha,Hulks,Marseille,France,Malay,5/18/1994
Lynette,Playhill,San Carlos,Philippines,Norwegian,5/24/2001
Shirline,Andree,Bahāwalpur,Pakistan,Polish,4/21/1990
Humbert,Sweedy,Karangbadar Kidul,Indonesia,Macedonian,8/28/1999
Jacki,Wheble,Paris 10,France,Dhivehi,8/27/2014
Nonna,Lalley,Ciudad Cortés,Costa Rica,Thai,7/13/2009
Corbett,Donat,Bumba,Democratic Republic of the Congo,Maltese,8/19/1996
Grethel,Vickery,Orito,Colombia,Haitian Creole,12/29/2002
Edlin,Exposito,Dunaivtsi,Ukraine,French,9/6/2013
Ezequiel,Pavic,Tiebiancheng,China,Amharic,4/17/2008
Lorettalorna,Saffle,Novovladykino,Russia,Italian,10/11/1990
Wynne,Barz,Svetlanovskiy,Russia,German,1/15/2021
Linoel,Rudkin,Bīrganj,Nepal,Kashmiri,4/5/1991
Cad,Bedinham,Kralupy nad Vltavou,Czech Republic,Malayalam,10/7/2013
Issi,Kime,Pniewy,Poland,Luxembourgish,11/24/2009
Biron,Kench,Jianli,China,Swedish,4/29/2008
Sammy,Darter,Tatarka,Russia,Norwegian,2/8/2020
Laney,Bellenger,Sinop,Brazil,Tetum,8/20/2003
Locke,Ber,Karangbalong,Indonesia,Bengali,8/20/2010
Dougy,Egleton,Sarzedo,Portugal,Fijian,8/4/1998
Aloysia,Hourihan,Calais,France,Bosnian,10/4/2014
Lesli,Kenworth,Kedawung,Indonesia,Bosnian,11/12/1991
Wyatan,Feaviour,Trompsburg,South Africa,Albanian,11/18/2012
Titus,Gindghill,Kokkónion,Greece,Kannada,3/25/1997
Astrid,O'Clery,Malinovoye Ozero,Russia,Arabic,5/2/2001
Michele,Riddick,Tsiombe,Madagascar,Tamil,11/16/2011
Gerry,Genike,Bangbayang,Indonesia,Swedish,8/15/1990
Ibby,Halleday,San Vicente,Argentina,Lao,10/18/1996
Noam,Ovenden,Urbano Noris,Cuba,Bislama,7/12/2005
Allene,Gosnold,Ash Shaḩānīyah,Qatar,Italian,10/11/2008
Karlotta,Antonomoli,Ad Dīs ash Sharqīyah,Yemen,German,10/16/2008
Tessa,Baseke,Richmond,Canada,Danish,2/7/2013
Cole,Lind,Rantepang,Indonesia,Catalan,9/18/2014
Gwendolyn,Northen,Buyuan,Philippines,Telugu,7/28/2013
Ediva,Manginot,Tsagaan-Ovoo,Mongolia,Somali,8/31/2012
Nikoletta,Sicely,Pabean,Indonesia,Pashto,10/10/2009
Quintilla,Guitonneau,Yanjiang,China,Hiri Motu,9/1/2020
Hoebart,Kupker,Guanshan,China,Malay,7/3/2014
Adrianna,Geldart,Nanguzhuang,China,Pashto,4/30/2012
Osgood,Olphert,Bell Ville,Argentina,Tok Pisin,10/21/2014
Willi,Counsell,Oenaik,Indonesia,Dari,2/24/2017
Konstantine,Dupree,Da Nang,Vietnam,Irish Gaelic,1/13/1992
Addia,D'Elias,Unaí,Brazil,Oriya,8/4/2003
Emelina,Darker,Salinas,United States,Azeri,6/21/1996
Pattie,Nutman,Liangdong,China,Swedish,7/25/1996
Erhard,Dacey,Mesyagutovo,Russia,Tok Pisin,9/2/2017
Sidoney,Decaze,Librazhd-Qendër,Albania,Hebrew,8/4/1992
Nappy,Fairall,Carolina,Brazil,Spanish,2/26/2006
Ranee,Ciotti,Mantingantengah,Indonesia,Afrikaans,3/22/2002
Sheilakathryn,Spellessy,Linares,Colombia,Latvian,10/12/1992
Brendon,Burker,Majiang,China,Tetum,4/30/2016
Smith,Toler,El Guamo,Colombia,Punjabi,12/12/2008
Pammie,Mattam,Wanurian,Indonesia,Dzongkha,8/10/2020
Aimee,Airdrie,Punat,Croatia,Dutch,7/15/1996
Devy,Dearn,Dubna,Russia,Guaraní,9/22/2020
Euell,Scurrah,Kaniv,Ukraine,Italian,11/25/1993
Kendal,Attac,Njivice,Croatia,Italian,6/19/2017
Donny,MacSherry,Nybro,Sweden,Moldovan,11/9/1993
Ellerey,Keets,Jifnā,Palestinian Territory,Dutch,11/9/2015
Marian,Cathesyed,Warburton,Pakistan,Bulgarian,4/15/2007
Alleyn,Leechman,Yamada,Japan,Papiamento,10/26/2014
Buck,Castellino,Nahrīn,Afghanistan,Chinese,11/26/2008
Del,Rodden,Makhalino,Russia,Mongolian,5/17/1994
Dominique,Roylance,Ganjiang,China,Azeri,3/29/2020
Irwinn,Clapston,Dan Sadau,Nigeria,Czech,8/17/2006
Lenard,Bussetti,Avranches,France,Armenian,1/23/1992
Jackson,Yanson,Oeleu,Indonesia,Persian,11/16/2012
Angelita,Dumini,Kuršumlija,Serbia,Greek,12/6/2010
Georgetta,Upwood,Easington,Jamaica,Fijian,8/23/2013
Agathe,Jedrzejewicz,Shilovo,Russia,Assamese,11/1/2004
Perren,Collett,Qozonketkan,Uzbekistan,French,11/16/2015
Wait,Berntsson,Pirca,Peru,New Zealand Sign Language,2/23/2002
Lani,Ilyunin,Mikun’,Russia,Norwegian,7/24/1997
Cyrill,Corkett,Petung,Indonesia,Catalan,9/20/2005
Ardelis,Sollis,Tatebal,Indonesia,Mongolian,12/13/1998
Ulric,Geldeard,Kolondiéba,Mali,Catalan,8/12/2000
Maurits,McGannon,Krasnystaw,Poland,Hungarian,1/15/2012
Marlon,Jordi,Xikou,China,Moldovan,10/22/2005
Clotilda,Forsdicke,Lendava,Slovenia,Swedish,10/10/1998
Hermon,Denisyev,El Quetzal,Guatemala,Latvian,1/8/2016
Walther,Benettelli,Jarry,Guadeloupe,Pashto,2/1/2020
Oates,Hazeldine,Yaguajay,Cuba,English,1/9/2000
Ginelle,Grieg,Millau,France,Khmer,3/12/2008
Nathanial,Bartolozzi,Kalix,Sweden,Latvian,8/4/2017
Beulah,Schurcke,Xinjie,China,Gagauz,8/14/1999
Nancey,Kirstein,Bamencheng,China,Portuguese,6/20/2001
Mozes,Fawdry,Olavarría,Argentina,Portuguese,12/10/1992
Virge,Volante,Thomastown,Ireland,Khmer,5/10/2008
Marylee,Benfield,Fryazino,Russia,Armenian,10/30/1998
Fergus,Strover,Liwu,China,Greek,9/13/2002
Cal,Lenton,Zubin Potok,Kosovo,Dhivehi,7/28/2011
Davina,Leinthall,Deneysville,South Africa,Yiddish,7/25/2016
Mathe,Kenworthey,Saryg-Sep,Russia,English,10/3/2001
Dorothea,Flawith,Vishow,Belarus,Spanish,8/24/2019
Micheil,Dugan,Matou,China,Persian,12/24/2019
Minnnie,Joust,Talpe,Sri Lanka,Kashmiri,8/21/1994
Hillery,McCloch,Capacho Viejo,Venezuela,Oriya,4/9/2005
Penny,Twiddy,Bojongsari,Indonesia,Malay,1/5/2005
Orelie,Tembridge,Jieshan,China,Arabic,10/31/2018
Myriam,Wannop,Malayal,Philippines,Guaraní,10/8/1994
Lilllie,Tearney,Zhougao,China,Gagauz,7/5/2010
Nikkie,Phillcox,Telbang,Philippines,Czech,5/17/2019
Janina,Chazelas,Malainen Luma,Philippines,Mongolian,5/2/2009
Hew,Blumire,Meget,Russia,Japanese,6/14/1993
Dudley,Riglar,Zhavoronki,Russia,Bulgarian,7/7/1997
Sula,Worley,Bassano,Canada,Danish,12/26/2012
Frasquito,Fay,Roissy Charles-de-Gaulle,France,Moldovan,8/4/1993
Wilfrid,Deegin,Ganquan,China,Chinese,9/27/2004
Ernestine,Riolfi,Pestovo,Russia,Irish Gaelic,3/24/2014
Donnamarie,Hilling,Yangqiaodian,China,Italian,10/23/1999
Kettie,Fitch,Gununganyartambak Tengah,Indonesia,Georgian,2/26/1990
Genna,Kynaston,Surin,Thailand,Korean,3/16/2014
Whitney,MacGiolla Pheadair,Pathum Ratchawongsa,Thailand,Amharic,5/6/2014
Lina,Carnegie,Chaoshui,China,Tamil,2/24/1999
Billie,Bithell,Smołdzino,Poland,Filipino,10/1/2007
Anatollo,Deschelle,Huangmao,China,Romanian,12/27/1998
Sandie,Dilnot,Krasica,Croatia,Indonesian,7/17/1993
Erny,Treble,Rakai,Uganda,Punjabi,1/18/2016
Sarette,Spedding,Brčko,Bosnia and Herzegovina,Zulu,10/5/1996
Charmaine,Schulter,Gentilly,France,Swedish,9/19/2014
Ogden,Serle,Uyutne,Ukraine,Bislama,1/11/1999
Nealy,Bellwood,Piru,Indonesia,Malayalam,11/20/1991
Tamara,Fitzharris,Dibba Al-Fujairah,United Arab Emirates,English,9/1/2018
Dael,Jessop,Chulabhorn,Thailand,Aymara,5/15/2011
Blane,Petrenko,Jungkat Selatan,Indonesia,Tamil,12/18/2020
Alfred,Wallington,Zhangxiong,China,Kurdish,7/8/1990
Ive,Gynn,Sara Kunda,Gambia,German,7/9/1992
Turner,Fallowfield,Cordeirópolis,Brazil,Mongolian,7/14/2007
Brady,Riddington,San Pa Tong,Thailand,Polish,5/14/1995
Nikolaus,Noweak,Belos Ares,Portugal,Danish,11/14/2000
Lilyan,Akess,Drachten,Netherlands,Maltese,1/29/1999
Derick,Kilalea,Sitajara,Peru,Malayalam,6/1/2018
Jule,Hibbart,Krzanowice,Poland,Macedonian,12/7/2009
Maryl,Dimond,Guadalupe,Mexico,Catalan,8/24/2012
Darsey,Whiterod,Shiqian,China,Oriya,3/20/1997
Norman,Mainland,Semampirbarat,Indonesia,Tamil,2/15/2009
Edvard,Snoddy,Montpellier,France,Estonian,3/30/2008
Desiri,Doni,Puerres,Colombia,Khmer,6/5/2003
Bernice,Butterfill,Nova Kakhovka,Ukraine,Malay,8/7/2019
Gaile,Nelissen,Paterson,United States,Thai,2/12/1996
Zaneta,Baggelley,Jiaoba,China,Swati,4/4/2000
Townsend,Aspray,Stalowa Wola,Poland,Lithuanian,11/1/1995
Katie,Attock,Dūāb,Afghanistan,Burmese,1/17/1995
Lionel,Torri,Mache,Peru,Papiamento,3/7/2009
Clayborne,Bortoloni,Tamiso,Philippines,Zulu,3/28/2020
Elfie,Hembrow,Xiangshi,China,Finnish,4/19/2010
Gifford,Sicely,Chlewiska,Poland,Latvian,10/19/1991
Kore,Whales,Uralo-Kavkaz,Ukraine,Indonesian,11/30/2013
Crystal,Webborn,Paris 04,France,Moldovan,3/26/2009
Kelly,Le Sieur,Doksy,Czech Republic,Montenegrin,5/28/2014
Alanna,Helder,Vindeln,Sweden,Nepali,8/8/1990
Brittaney,Charlon,Huangban,China,Ndebele,3/30/1999
Felicdad,Toplis,Kraczkowa,Poland,Burmese,11/11/2003
Elladine,Coll,Wuduhe,China,Greek,9/13/2018
Mathias,Chalk,Jinshan,China,Persian,8/7/2016
Nollie,Emerson,Charlottenberg,Sweden,Tsonga,7/6/2003
Arnoldo,Blacklock,Mogotes,Colombia,Pashto,8/29/1994
Melloney,Dubble,Crespo,Argentina,Sotho,7/28/2009
Gwenora,McSharry,Wróblew,Poland,Indonesian,10/14/2020
Julita,Lamperd,Riofrío,Colombia,Gagauz,10/3/2007
Loren,Knowller,Meitang,China,Greek,12/17/2003
Kathrine,Aseef,Magong,China,Swati,8/26/1998
Nancie,Markie,Wat Bot,Thailand,Kazakh,12/19/2018
Amabelle,Scintsbury,Frolovo,Russia,Tetum,2/20/2002
Roxane,Autry,Manogay,Afghanistan,Zulu,11/23/2010
Max,Demeza,Karangasem,Indonesia,Khmer,10/4/2002
Bryce,Mongeot,Wien,Austria,Macedonian,2/24/2009
Ced,Matushevitz,Milano,Italy,Polish,4/12/2016
Juliann,Balderston,Zharkent,Kazakhstan,Dzongkha,8/22/2011
Harlene,Emm,Beishan,China,Malagasy,4/30/1999
Margalit,Billham,Zhaowu,China,Tok Pisin,9/28/1999
Averell,Teresia,Milwaukee,United States,Moldovan,8/18/2016
Kelsey,Rawkesby,Daming,China,Arabic,4/22/2009
Dona,Sheaber,Cholet,France,Azeri,6/9/2018
Lindie,Cudihy,Butiama,Tanzania,Nepali,10/21/1995
Merrielle,Bootes,Phra Phutthabat,Thailand,Japanese,8/23/2004
Ephrem,Alyokhin,Odemira,Portugal,Indonesian,6/20/2008
Coralyn,Bloomer,Chile Chico,Chile,Assamese,10/24/1993
Meryl,Stockell,Daixi,China,Thai,9/9/2016
Hagan,Biset,Capivari,Brazil,English,12/22/2015
Theresa,Sirman,La Plaine-Saint-Denis,France,Gagauz,1/1/1999
Elisabeth,Pepineaux,Tuchkovo,Russia,Tamil,7/18/1992
Alane,Longo,Nikolayevka,Russia,Bulgarian,8/3/2001
Cally,Carrack,Dorowa Mining Lease,Zimbabwe,Zulu,8/9/2010
Emmery,Curl,Heilongkou,China,Norwegian,8/26/2018
Thomasa,Gilham,Yihe,China,Marathi,8/30/2009
Celestyna,Duckhouse,Haridimun,Indonesia,Northern Sotho,5/28/1996
Denys,Keuneke,Kaum Kaler,Indonesia,West Frisian,6/7/2003
Dyanne,Szymaniak,Kota Bharu,Malaysia,Papiamento,3/12/2014
Zack,Stanbury,Jargalant,Mongolia,Lithuanian,1/13/2021
Laverne,Salack,Dingtao,China,Hiri Motu,12/16/2004
Izak,Batram,Diré,Mali,Swahili,2/10/1994
Joan,Jurgenson,Liping,China,Finnish,4/12/2018
Melody,Neesam,Aībak,Afghanistan,Icelandic,10/15/2015
Manda,Clowley,Masaraway,Philippines,Aymara,10/17/1992
Jacqueline,Kidston,Gunungputri,Indonesia,Dutch,5/7/2008
Kirbee,Tilsley,Karabanovo,Russia,Montenegrin,11/26/2011
Ilene,Marrison,Kototujuh,Indonesia,Kashmiri,6/12/2009
Xymenes,Sheilds,Lavradio,Portugal,Kashmiri,2/12/1991
Thatch,Raye,Purong,China,Malay,11/29/2015
Ganny,Varty,Lazurne,Ukraine,Kazakh,1/13/2010
Monah,Andrus,Esperanza,Philippines,Hindi,9/2/2009
Kenna,Macvey,Ueda,Japan,Hebrew,3/22/1995
Lucien,Ornils,Hwacheon,South Korea,English,11/20/1994
Sheba,Devonport,Karachi,Pakistan,Bulgarian,8/6/2012
Lari,Doudny,Shebekino,Russia,Macedonian,6/22/2020
Brendan,Edwicke,Saint-Sauveur,Canada,Italian,6/8/1997
Delmor,Denver,Oshawa,Canada,Kashmiri,6/23/1994
Darcy,Braunfeld,Maumbawa,Indonesia,Fijian,11/22/1995
Darin,Baynon,Zgurovka,Ukraine,Irish Gaelic,6/14/2009
Isidoro,Labden,Agía Varvára,Greece,French,7/18/2015
Piper,Tearny,Pontinha,Portugal,Catalan,2/11/2000
Thain,Godley,Bantar,Indonesia,Indonesian,6/1/2000
Clarinda,Dach,Taman,Indonesia,Malagasy,10/21/1996
Cosette,Oneal,Fresno,Colombia,Danish,9/22/2003
Florrie,Cattellion,Karachi,Pakistan,West Frisian,11/2/1997
Marvin,Reinger,Yafran,Libya,Icelandic,11/12/2020
Lonee,Kingman,Sar Chakān,Afghanistan,Portuguese,7/9/2000
Lorette,Symonds,Dubrava,Croatia,Quechua,7/14/2001
Orland,Sarrell,Issy-les-Moulineaux,France,Hebrew,9/11/2015
Dennie,Simnett,Villanueva,Philippines,Italian,3/30/1996
Derk,Desson,Bajomulyo,Indonesia,Malagasy,8/3/2009
Gwyn,Furby,Tambulatana,Indonesia,Guaraní,3/6/2015
Urban,Kynett,Ko Chan,Thailand,Bosnian,8/9/2018
Margarette,Kinde,Yiyang,China,Fijian,12/4/2004
Sabra,Clancey,Gancheng,China,Fijian,7/4/1993
Sutherlan,Payze,Darkūsh,Syria,German,6/10/2019
Mehetabel,Dreinan,Latowicz,Poland,Amharic,8/17/2008
Katee,Middas,Pak Phanang,Thailand,Afrikaans,9/15/1997
Windy,Kilian,Kraton,Indonesia,Italian,3/24/2000
Marcia,McIntosh,Beishan,China,Burmese,5/12/2012
Pru,Antoniou,Drnje,Croatia,Zulu,7/16/2012
Jaynell,Beddoe,Chengdong,China,Hungarian,8/25/1992
Rosemonde,Climie,Michałów,Poland,Hindi,7/9/1999
Ulrika,Cornejo,Vilhena,Brazil,Marathi,5/12/2018
Norean,Abrahamian,Khvalovo,Russia,Kurdish,4/27/2017
Minni,Londer,Springfield,United States,Japanese,9/16/1990
Susana,Beare,Talun,Indonesia,Chinese,5/2/2009
Mari,Attarge,Talavera,Philippines,Bulgarian,6/10/2004
Carmella,Kroin,Vancouver,United States,Estonian,2/10/2014
Chandra,Cruwys,Nanyang,China,Thai,7/9/1999
Addie,Kelby,Gualeguay,Argentina,German,10/15/1995
Addie,Rafe,Tegalloa,Indonesia,Thai,2/24/1996
Lennard,Danelutti,Luisiana,Philippines,Japanese,1/13/1990
Gilburt,Schlagh,São Tomé,Portugal,Belarusian,3/18/2009
Jaquelin,Parkins,Popovice,Czech Republic,Romanian,8/30/2019
Cammie,Bearman,Paôy Pêt,Cambodia,Swati,3/31/2007
Trudey,Vail,Buraen,Indonesia,Bulgarian,8/8/1998
Pamella,Blunkett,Timbaúba,Brazil,Hiri Motu,1/7/1999
Terri,Gilliard,Suileng,China,Persian,3/1/1991
Alejandra,Haysman,Zyukayka,Russia,Finnish,9/6/2004
Nicoline,Bewfield,Lerrnanist,Armenia,Lao,5/11/1998
Stevena,Ribbon,Caruaru,Brazil,French,10/1/2016
Maressa,Dallyn,Hongsung,South Korea,Hebrew,5/25/1990
Meghann,Dainton,Isiolo,Kenya,Burmese,3/20/1999
Travis,Hackinge,San Miguel,Mexico,Filipino,6/9/2015
Caitlin,Spurden,Blyznyuky,Ukraine,Moldovan,11/3/2000
Filmore,Hare,Erandique,Honduras,Kashmiri,4/23/2010
Bud,McAneny,Pedro Leopoldo,Brazil,Filipino,1/16/1992
Gail,Bourtoumieux,Dharān Bāzār,Nepal,French,7/1/2013
Gnni,Giottini,Kota Kinabalu,Malaysia,Amharic,2/21/1991
Brina,Balkwill,Yanggu,China,Maltese,1/21/2007
Remington,Crucitti,Sungaikupang,Indonesia,Nepali,3/20/1999
Nancie,Buckie,Las Flores,Mexico,Croatian,5/13/2003
Chelsey,Strongman,Zhongyuanlu,China,Marathi,9/22/1990
Nye,Flemyng,Mem Martins,Portugal,Marathi,12/16/2002
Patrice,Glendzer,Caringin,Indonesia,Malagasy,10/12/2011
Donnajean,Gonzalez,Ciechanów,Poland,Dari,6/12/2012
Riordan,Alfuso,Winterthur,Switzerland,Malayalam,9/4/2007
Wilton,Winward,Tukums,Latvia,Estonian,2/18/2006
Jacquelyn,Pigny,Hujiaba,China,Japanese,8/19/1993
Willow,Hanway,Kirkop,Malta,Kazakh,4/17/1995
Wenonah,Mouat,Rubio,Venezuela,Albanian,4/17/2019
Gilberto,Meere,Cosquín,Argentina,French,12/11/2016
Charleen,Kiddell,Furmanov,Russia,Marathi,5/13/2010
Viola,Betjes,Weitang,China,Czech,5/8/2006
Brent,Varfolomeev,Koumra,Chad,Gagauz,9/16/2006
Jayne,McTeer,Hūn,Libya,Georgian,1/5/2020
Bradley,Gellert,Las Toscas,Uruguay,New Zealand Sign Language,5/13/1999
Gill,Mothersdale,Gardawice,Poland,Croatian,12/20/2019
Kenna,Waldera,Jiantang,China,English,10/6/1991
Susy,Dinsmore,San Felipe,Guatemala,Tajik,7/9/2009
Kala,Ducastel,Jietou,China,Haitian Creole,9/11/1998
Rocky,Caunt,Luboń,Poland,Lithuanian,7/19/1990
Costa,Claire,Balite,Philippines,Albanian,4/18/2012
Hyacinthia,Padkin,Tunggaoen Timur,Indonesia,Bislama,2/3/2006
Parrnell,Moreton,Huskvarna,Sweden,Norwegian,1/6/1990
Leilah,Witcherley,Lashio,Myanmar,Tsonga,9/22/1992
Goldia,McClay,Kitui,Kenya,Bislama,12/5/2004
Marillin,Mabbs,Sundsvall,Sweden,Gujarati,8/24/2005
Elly,Jacmar,Roxas,Philippines,Thai,10/31/2018
Vally,Border,Krasnolesnyy,Russia,Macedonian,5/16/2003
Melonie,Harley,Vithkuq,Albania,Sotho,5/11/2017
Karoline,Toupe,Dongtundu,China,Irish Gaelic,9/5/2001
Gilberta,Burdett,Marija Bistrica,Croatia,Afrikaans,3/15/1990
Natalee,Channing,Taliouine,Morocco,Finnish,1/15/1998
Dorelle,Troyes,Veliki Preslav,Bulgaria,Swati,9/19/1996
Cristy,Dobrovolski,Côn Sơn,Vietnam,Swahili,2/9/1999
Yehudit,Block,Black River,Jamaica,Estonian,1/26/2015
Liz,Coolson,Chaihe,China,Dhivehi,4/6/2017
Dore,Golling,Huangnihe,China,Albanian,2/16/1995
Hendrika,Waldram,Okayama-shi,Japan,Lithuanian,10/25/1995
Judi,Enefer,Serravalle,San Marino,Marathi,7/15/2005
Nels,Grannell,Santo António das Areias,Portugal,Montenegrin,10/19/1996
Wyatan,Piddocke,Lasek,Poland,Khmer,6/8/2009
Carole,Tomsa,Yuanquan,China,Luxembourgish,5/10/1993
Diannne,Lyston,Ma’an,China,Malay,11/23/1995
Eddie,Pashby,San Jose,United States,Telugu,12/11/2013
Alana,Pflieger,El Retorno,Colombia,Latvian,4/3/2017
Georgiana,Matasov,Podosinovets,Russia,Icelandic,10/28/2011
Arri,Szymoni,Tokār,Sudan,Maltese,7/13/2001
Marthe,Wann,Marulanda,Colombia,Dutch,2/22/2020
Gene,Yewman,Idvor,Serbia,Armenian,5/11/2019
Finley,Pulman,Villa de Soto,Argentina,Ndebele,1/6/2020
Dino,Kingsly,Pinellas Park,United States,Ndebele,6/27/1995
Price,Dyson,Chadiza,Zambia,Tsonga,5/5/2000
Renault,Maccari,Pacobamba,Peru,Finnish,8/23/1993
Montague,Scrivens,Shifo,China,Telugu,7/2/2019
Ilysa,Haire,Shijia,China,Gujarati,9/11/1990
Elsie,Winterborne,Aurora,United States,Japanese,2/20/2016
Katee,Duffy,Miān Channūn,Pakistan,Hindi,5/3/1999
Henry,Dunham,Greensboro,United States,Telugu,11/2/2018
Rawley,McQuin,Albardón,Argentina,Dzongkha,8/18/2003
Morgen,Hew,Batugede Kulon,Indonesia,Guaraní,1/22/1992
Andie,Ashby,Vasyshcheve,Ukraine,Burmese,1/7/1995
Chiarra,Chadd,Arlington,United States,Thai,8/25/2018
Nomi,MacNeely,Binucayan,Philippines,Punjabi,7/8/1990
Mela,Duxfield,Tajumulco,Guatemala,Tok Pisin,8/28/2000
Devan,Jeffcoate,Tigaon,Philippines,Sotho,2/12/2015
Marthe,Powland,Yudai,China,Thai,9/19/2020
Ewan,Sharvell,Sollefteå,Sweden,Burmese,1/24/2006
Abraham,Fairholme,Ituberá,Brazil,Punjabi,2/28/2021
Gabbi,Casperri,Xilanqi,China,Hindi,11/3/1995
Iain,Henrichs,Jalālpur,Pakistan,Swedish,1/6/2003
Sky,Aldiss,Cergy-Pontoise,France,Bislama,3/22/2002
Kermy,Panter,Tabivere,Estonia,Tamil,6/2/2007
Teirtza,Noseworthy,Couva,Trinidad and Tobago,Czech,10/17/2008
Bee,Fursland,Bulacan,Philippines,Armenian,1/14/2018
Grissel,Kroin,Peabiru,Brazil,Azeri,6/17/2011
Libby,Malcolm,Gýtheio,Greece,Greek,1/10/2017
Konstance,O'Shields,Abua,Nigeria,French,5/3/2013
Trumann,Hayler,Batanghari,Indonesia,Albanian,9/22/2019
Homerus,Faas,Stockton,United States,Albanian,12/1/2004
Traver,Polini,Chiang Khan,Thailand,Bulgarian,7/10/2010
Munroe,Buyers,Ōta,Japan,Dzongkha,1/2/2017
Walt,Spandley,Morinville,Canada,Bislama,5/29/2016
Vallie,Andriveaux,Yuncheng,China,French,4/8/2011
Alanna,Kinker,Qaryat al Qābil,Yemen,Papiamento,3/6/2016
Emmalee,Greber,Dengjia,China,Quechua,6/9/2004
Standford,Godby,Ust-Kamenogorsk,Kazakhstan,Hindi,9/18/1992
Annalee,Calleja,Xuedian,China,Malay,3/13/1998
Silvanus,Corringham,Daohe,China,Khmer,5/30/2006
Billie,Kirrage,Mao,Chad,Gagauz,2/23/2011
Risa,Andrin,Arras,France,Hebrew,7/10/2020
Kaia,Lambotin,Mongo,Chad,Nepali,11/2/1991
Jonah,Nott,Riangderi,Indonesia,Dari,10/9/2011
Bruce,Candie,Malpique,Portugal,Dzongkha,2/16/1998
Salaidh,Boraston,Cipinang,Indonesia,Kyrgyz,5/6/1995
Clara,Dronsfield,Sukajadi,Indonesia,Italian,4/25/1996
Karina,Shapiro,Alarobia,Madagascar,Hungarian,9/28/1990
Uriel,Giacomasso,Shangjiangxu,China,Dari,1/2/1993
Sukey,Stodit,Villa Regina,Argentina,Malay,11/22/2003
Artemus,Szymanowicz,La Colorada,Panama,Gagauz,3/10/1992
Raquela,Morillas,Arvidsjaur,Sweden,Tswana,10/24/2011
Fields,Dagwell,Lianghekou,China,Thai,12/16/1998
Maybelle,McConville,Jacobina,Brazil,Kashmiri,8/24/2014
Gabi,Paoletto,Atalaia,Portugal,Georgian,1/20/2008
Robinett,Carragher,Paojan,Indonesia,Tetum,6/9/1998
Joli,Washington,Mandiana,Guinea,Chinese,11/2/2004
Dorri,Hardeman,Ntungamo,Uganda,Italian,6/7/1995
Winston,Whyman,Pinhais,Brazil,Bosnian,11/6/2008
Fredi,Kydde,Tsotsin-Yurt,Russia,Arabic,8/26/1997
Ardelis,Shadrack,Pamotan,Indonesia,Arabic,3/14/2010
Annette,Simonot,Forshaga,Sweden,Norwegian,9/13/2014
Toby,McCullogh,Rybache,Ukraine,French,10/18/2003
Meara,Poletto,Pirané,Argentina,Lithuanian,12/17/2015
Heall,MacFadzan,Houston,United States,Czech,6/4/2009
Orelee,McGill,Arsenal,Mauritius,Somali,3/20/2001
Arni,Stanesby,Ustupo,Panama,Maltese,3/20/1996
Babita,D'orsay,Uticyacu,Peru,Pashto,8/6/2011
Darrin,Basili,Fort Abbās,Pakistan,Papiamento,8/7/2014
Filippa,De la Barre,Richmond,United States,Tsonga,12/11/2003
Hector,Cochern,Kuchurhan,Ukraine,Kannada,10/18/2000
Dorise,Walstow,Chapadinha,Brazil,Japanese,12/1/2004
Tomasine,Eddisford,Zaindainxoi,China,Burmese,7/22/2002
Patric,Burgott,Kuchurhan,Ukraine,Belarusian,12/5/2007
Cristina,Lorant,Kufayrit,Palestinian Territory,Sotho,4/29/2017
Gigi,McQuaker,Arthur’s Town,Bahamas,Mongolian,6/9/2005
Maiga,Braithwaite,Artur Nogueira,Brazil,Tamil,5/10/1993
Camel,Copson,Ранковце,Macedonia,Georgian,5/6/2017
Melody,Graham,San Antonio,Philippines,Lithuanian,12/16/2007
Anni,Tomaselli,Zhangdan,China,Dari,2/13/2002
Annelise,Alderton,Formosa do Rio Preto,Brazil,Guaraní,7/15/1995
Clarke,Freake,Al Qarmadah,Tunisia,Hindi,3/19/2014
Elnore,Copcutt,Caicedonia,Colombia,Maltese,10/18/2005
Cyrill,Hedan,Zhaobaoshan,China,French,12/21/2007
Othella,Doldon,Yokosuka,Japan,Kyrgyz,3/14/1990
Paola,Dabrowski,Toumodi,Ivory Coast,Thai,1/20/1997
Arlinda,Laverack,Zátor,Czech Republic,Gujarati,6/30/1998
Saunderson,Bason,Ādam,Oman,Somali,4/26/1995
Marcellina,Amoore,Kolomak,Ukraine,Gagauz,2/9/2017
Grayce,Whetnell,Heiiyugou,China,Chinese,7/10/2004
Kira,Sacco,Sal’sk,Russia,Swati,5/19/1999
Aubree,Neasam,Bedinje,Macedonia,Polish,8/10/1990
Elia,Shinfield,Huangshagang,China,Hungarian,1/4/2016
Malynda,McVicar,Kulun,China,Haitian Creole,6/17/2003
Roxana,Saunderson,Rogoza,Slovenia,Icelandic,11/8/2004
Tildy,Edgeson,Tocoa,Honduras,Croatian,9/3/2013
Kyla,Giannini,Shancheng,China,Italian,5/14/2017
Erasmus,Leneve,San Esteban,Philippines,German,12/6/2013
Alfonso,Dudman,Dali,China,Papiamento,6/11/2010
Thadeus,Minot,Xinxi,China,Pashto,11/4/1993
Bambie,Kleuer,Elefsína,Greece,Japanese,12/22/1998
Clarke,Eddington,Pingtan,China,Assamese,4/19/2000
Teddie,Verry,Åmål,Sweden,Gujarati,6/10/2019
Maximilien,Loggie,Vancouver,United States,Tetum,4/27/2000
Valerie,Tarbett,Miami,United States,Hebrew,2/21/2013
Josey,O'Lochan,Nenagh,Ireland,Georgian,1/22/1998
Selle,Real,Ngembel,Indonesia,Tamil,3/2/2010
Humbert,Daintrey,Niederwaldkirchen,Austria,Kashmiri,1/30/1997
Travus,Herrero,Mueang Suang,Thailand,Fijian,6/15/2011
Iona,Comfort,Pankrushikha,Russia,Oriya,7/4/2001
Zelma,Poplee,Modot,Mongolia,Estonian,5/13/2014
Therine,Red,Floresta,Colombia,Māori,5/18/1999
Augustine,Sleath,Banjar Bali,Indonesia,Chinese,5/18/2007
Georgianna,Sudlow,Jinjing,China,Indonesian,4/3/2000
Winthrop,Critch,Pingshan,China,Arabic,2/1/1998
Adah,Jehaes,Rawa,Indonesia,Luxembourgish,11/21/2001
Danie,Grabbam,Calaoagan,Philippines,Māori,1/25/2004
Vic,Barens,Ōdachō-ōda,Japan,Hindi,12/12/1998
Chrysa,Dumberell,Xinzheng,China,Catalan,5/25/2006
Sigismond,Hulland,Cankuzo,Burundi,Ndebele,4/25/2000
Ruthanne,Zapater,Shanmu,China,Indonesian,8/29/1996
Niel,Blockey,Xumu,China,Amharic,2/23/2011
Sarene,Kersley,Ōita,Japan,Hebrew,12/9/2007
Tomkin,Georgins,Јегуновце,Macedonia,Armenian,3/1/2007
Belvia,Solesbury,Sigou,China,Irish Gaelic,3/2/2008
Cristina,Triswell,Alvito,Portugal,Tsonga,3/19/1992
Skell,Wreight,Alcácer do Sal,Portugal,Norwegian,12/24/2015
Leone,Keaton,Horní Čermná,Czech Republic,Belarusian,2/26/2004
Byrann,Mc Menamin,Zhenlong,China,Thai,1/29/2012
Prent,Canario,Balpyk Bī,Kazakhstan,Ndebele,8/11/2016
Whit,Hayhow,Nginjen,Indonesia,Kannada,6/3/1992
Stanfield,Roofe,Wuxi,China,Kashmiri,6/19/1990
Adey,Salasar,Kleszczów,Poland,Maltese,5/29/1996
Holmes,Kinloch,Kybartai,Lithuania,Bislama,2/18/1994
Charlena,Gerrett,Baishuitan,China,German,2/12/2012
Chrysler,Mulrean,Postira,Croatia,Hungarian,5/13/2013
Prissie,Cahan,Cut-cut Primero,Philippines,Tamil,6/12/1999
Morton,Digweed,Bisert’,Russia,Papiamento,8/21/1995
Aldus,Vanyukov,Frederico Westphalen,Brazil,German,9/14/2000
Emalia,Sayce,Fengcheng,China,Telugu,12/27/2000
Tabina,McPhilemy,Portelinha,Portugal,Assamese,12/24/1991
Nert,Bytheway,Grindavík,Iceland,Tetum,6/28/2002
Noelle,Poulden,Pantin,France,West Frisian,10/30/2019
Jasun,Kinton,Balud,Philippines,Thai,1/13/1995
Coleen,Jerger,Tanushimarumachi-toyoki,Japan,English,7/20/2016
Trumann,Hambrook,Hetang,China,Hungarian,3/22/1999
Terrye,Annatt,Qingyang,China,Romanian,7/28/1999
Rene,Robillard,Oslo,Norway,Malayalam,7/30/2015
Rafaellle,Boydon,Kuala Terengganu,Malaysia,Malay,1/11/1991
Linnet,MacDirmid,Geidam,Nigeria,Catalan,10/10/1990
Octavia,Top,Kristinestad,Finland,Papiamento,12/25/2006
Simonne,Anning,Kostryzhivka,Ukraine,Filipino,4/20/2014
Helen,Elvish,Stari Grad,Serbia,Hebrew,11/3/2018
Hertha,Phelp,Bašaid,Serbia,Papiamento,5/5/1997
Noelle,Yelding,Bulbul,Syria,Kurdish,5/18/1994
Elvin,Adshead,Bosanski Novi,Bosnia and Herzegovina,Afrikaans,4/10/2003
Mitch,Gallant,Bayt Ūmmar,Palestinian Territory,Georgian,10/15/1993
Uriel,Yaakov,Baimi,China,New Zealand Sign Language,4/23/2007
Alfonso,Mingaye,Hŭngju-dong,North Korea,Malay,9/26/1993
Dorey,Spur,Olofström,Sweden,Kurdish,2/5/1991
Trixi,Reinbeck,Neuilly-sur-Seine,France,Malagasy,12/31/2000
Dory,Winram,Huangzhuang,China,Azeri,10/22/1990
Ly,Biasioli,Sabang,Philippines,Dari,4/15/2008
Gabie,Dallicott,Vårby,Sweden,Hebrew,9/13/2019
Colleen,Riggott,Baishan,China,Māori,11/4/2019
Cos,Inworth,Otyń,Poland,Spanish,8/4/2009
Inger,Banasik,Roldanillo,Colombia,Tajik,6/9/1991
Catha,Roncelli,Emmen,Netherlands,Afrikaans,5/30/2000
Brandon,Clemont,Vikbolandet,Sweden,German,2/23/2010
Lynne,Bradforth,Fangxiang,China,Bulgarian,7/24/2007
Johnny,Heskey,Habo,Sweden,Georgian,6/1/2013
Robbin,Cescotti,Minador do Negrão,Brazil,Bislama,7/1/1998
Annissa,Timoney,Wenfang,China,West Frisian,11/7/1996
Nicholas,Hansley,Sępopol,Poland,Romanian,12/30/1999
Megan,Offield,Oitui,Indonesia,Hungarian,3/14/2001
Valery,Huban,Sosándra,Greece,Danish,3/31/2014
Verna,Azemar,Argir,Faroe Islands,Malay,12/20/2002
Alvina,Pude,Sindang,Indonesia,Croatian,1/17/1993
Hannah,Drakes,Foz Sousa,Portugal,Somali,10/2/2010
Reggy,Klaus,Gasi,China,Danish,6/17/2004
Pietrek,Cann,Río Guayabal de Yateras,Cuba,Dhivehi,1/31/1996
Robbyn,Woodwind,Kalmar,Sweden,Czech,9/10/1996
Ernestus,Jeannequin,Huillapima,Argentina,Azeri,4/4/2002
Eddie,Vinsen,Huangcai,China,Montenegrin,2/15/2008
Legra,Cuerdale,Xuelu,China,Lithuanian,4/19/2000
Donnie,Tolman,Mrzezino,Poland,Bulgarian,11/14/2011
Stefano,Gritsaev,Gardēz,Afghanistan,Bosnian,3/26/1992
Camella,Duckit,Artur Nogueira,Brazil,Fijian,5/27/2019
Judd,Collerd,Novyy Urgal,Russia,Czech,12/18/1996
Emmy,Izacenko,Makanya,Tanzania,Kashmiri,2/14/2009
Valene,Columbine,Kudamatsu,Japan,Portuguese,9/10/1994
Sheree,Renad,Mamanguape,Brazil,Aymara,4/14/2019
Lynnette,Dow,Nanzhihui,China,Kannada,12/12/2012
Ebenezer,Collington,Ainaro,East Timor,Māori,5/9/2008
Paolina,Arnaldo,G’uzor,Uzbekistan,Maltese,12/7/2004
Carina,Whall,Limoncito,Bolivia,Maltese,6/24/1993
Paola,Winnister,Avaré,Brazil,Lithuanian,10/23/1994
Willow,McGawn,Kuala Lumpur,Malaysia,Estonian,12/5/2004
Leeann,Gregine,Groningen,Netherlands,Tajik,3/17/2020
Warde,Barkess,La Virginia,Colombia,Maltese,4/1/1997
Libbi,Vasiliev,Urbiztondo,Philippines,Punjabi,10/23/1991
Minnaminnie,Malthus,Paclolo,Philippines,Marathi,11/26/2003
Krissy,Jenicek,Pa Sang,Thailand,Kannada,8/23/2009
Adolf,Brandassi,Piteå,Sweden,Tetum,3/3/2018
Fanny,Culham,Gião,Portugal,Kyrgyz,3/6/2009
Vassily,McHardy,Nālūt,Libya,Haitian Creole,3/8/2013
Rebeca,Keaysell,Bayeux,France,Ndebele,4/25/2008
Cassy,Burrow,Jaworze,Poland,Italian,8/25/2018
Blanca,Corzor,Rakiv Lis,Ukraine,Bulgarian,4/6/2020
Gunther,Burtonshaw,Shiziqiao,China,Indonesian,10/19/1990
Ibby,Fairfoull,Masindi Port,Uganda,Czech,5/10/2015
Chadd,Darkins,‘Afrīn,Syria,Bosnian,7/26/1992
Glenn,Snoad,Haebaru,Japan,German,10/28/2010
Angele,Eede,Verin Artashat,Armenia,Bengali,5/31/2016
Sibbie,Elleton,Kitwe,Zambia,Guaraní,10/4/2012
Nerita,Kordova,Tilburg,Netherlands,Norwegian,6/1/2012
Karine,MacDermand,Danbury,United States,Haitian Creole,4/3/1991
Cassie,Harker,Willowdale,Canada,Kyrgyz,9/20/2003
Lucas,Coote,Rossosh’,Russia,Afrikaans,11/22/2000
Netta,Shepcutt,Bulri,Pakistan,Greek,9/15/1992
Lu,Olrenshaw,Puolanka,Finland,Somali,7/23/1998
Kingsly,Piercey,Jacareí,Brazil,Albanian,11/15/1993
Susanetta,Stannion,Siikainen,Finland,Papiamento,7/29/2008
Stephen,Merfin,Wasquehal,France,Korean,5/31/2018
Phoebe,Ferrierio,Muang Long,Laos,Tok Pisin,1/29/2010
Luca,Cranson,Nang Rong,Thailand,Yiddish,6/12/2008
Loutitia,Bygrave,Nowe Miasto,Poland,Kashmiri,10/23/2017
Theo,Ghilks,Rowotengah,Indonesia,Finnish,3/30/2000
Elyn,Rollin,Jiguan,China,Maltese,12/26/2020
Joshia,Hilling,Vila de Rei,Portugal,Bislama,6/29/2019
Benji,Monnoyer,Ceará Mirim,Brazil,Malagasy,7/3/1990
Ludovico,Ferryn,Kario,Pakistan,Lithuanian,5/13/2009
Marleen,Gentle,Buensuseso,Philippines,Arabic,12/31/2013
Jelene,Bilbrooke,Vetluzhskiy,Russia,Portuguese,11/16/2001
Zacherie,Grasner,Yukuriawat,China,Italian,4/23/2006
Regan,Pickford,Nanzhang Chengguanzhen,China,Tetum,4/7/2006
Trudie,Doles,Dengjiang,China,Pashto,2/27/2011
Ulrich,Toghill,San Ignacio,Honduras,Gagauz,7/11/1998
Chane,Dogg,Zhetian,China,Mongolian,3/3/2016
Jorie,Ianelli,Cereté,Colombia,Khmer,9/25/2018
Gerald,Mynott,Payxambabazar,China,Azeri,12/4/2015
Antoine,Branni,Banaba,Philippines,Somali,1/20/2008
Dick,Arnull,Fort Portal,Uganda,Hebrew,10/30/2019
Dolli,Tarren,Xiaochi,China,Guaraní,3/19/2011
Barnabas,Baselli,Bua Yai,Thailand,West Frisian,5/20/2006
Karena,Slowley,Wilanagara,Indonesia,Bengali,12/6/2013
Malory,Rother,Middleton,Canada,Korean,2/4/2003
Dannie,Broadist,Kladno,Czech Republic,Lao,7/15/1990
Felix,Lighten,Diaoling,China,Kashmiri,2/6/1996
Rickard,Webermann,Vazhiny,Russia,Malayalam,12/22/1997
Fina,Sanpher,Dobra,Poland,Swati,1/16/2014
Selle,Saffell,Guaratinguetá,Brazil,Swati,7/12/2012
Judah,Scripps,Chivhu,Zimbabwe,Papiamento,8/2/2003
Laurence,Gahagan,Samal,Philippines,Estonian,6/23/2001
Harcourt,Summers,Ariz,Portugal,Hebrew,2/27/2012
Mair,Macconachy,Yaguarón,Paraguay,Croatian,10/14/2013
Euphemia,Beadell,Petite Rivière de Nippes,Haiti,Dhivehi,9/13/2014
Luisa,Adamo,Нераште,Macedonia,Portuguese,8/23/1997
Winona,Holdall,Wugong,China,Bengali,8/18/2007
Sheba,Fowls,Changsha,China,Hindi,10/15/2000
Nerita,Guerry,Lille,France,Catalan,7/4/2002
Kendell,Lawes,Strasbourg,France,Maltese,3/1/1999
Eilis,Croshaw,Thị Trấn Quế,Vietnam,Romanian,12/28/2009
Massimo,Dougher,Foumbouni,Comoros,Lithuanian,5/31/1992
Dena,Ruddick,Kantemirovka,Russia,Afrikaans,12/14/2011
Royal,Tick,Purísima,Colombia,Dari,11/20/1994
Annalee,Nesterov,Banjar Pedawa,Indonesia,Malay,3/16/2006
Farlie,Bracher,Březová,Czech Republic,Pashto,10/25/2007
Dexter,Heighway,Oslo,Norway,Chinese,1/23/2017
Rasia,Hover,Huacho,Peru,Moldovan,11/10/2015
Bartlet,Ramelet,Shiren,China,Malay,4/16/2009
Vanda,Parke,Sanok,Poland,Quechua,4/1/2012
Hall,Hills,Ljungby,Sweden,Kurdish,10/31/1992
Ambrose,Casiero,Jinchang,China,Lao,12/6/1993
Kaleb,Birchenhead,Protvino,Russia,Maltese,5/27/2018
Carver,Brookzie,Lérida,Colombia,Hungarian,2/22/2021
Aila,Lush,Miami,United States,Fijian,4/23/1997
Bernie,Hawksworth,Pérama,Greece,Gujarati,12/7/2016
Bevan,Hamm,Gongfang,China,Norwegian,8/7/2015
Theodor,Dwight,Wanganui,New Zealand,Albanian,7/9/1990
Olympia,Benito,Phuket,Thailand,Luxembourgish,12/29/2003
Kasper,Braven,Doruchów,Poland,Aymara,12/15/2002
Audi,Dulake,Carabayllo,Peru,Czech,7/27/2006
Maryjane,Goulden,Storozhynets’,Ukraine,Icelandic,3/26/2020
Roth,Filchakov,Sagrada Familia,Philippines,Nepali,8/22/2016
Bartolemo,Gaisford,Beicheng,China,Lao,10/29/1995
Maurizia,Shay,Xianrendu,China,Kazakh,11/28/1990
Marysa,Daenen,Nancha,China,Portuguese,4/3/2014
Eustace,Piddle,Al Mughayyir,Palestinian Territory,New Zealand Sign Language,12/21/2005
Damiano,Baptiste,Junchuan,China,Mongolian,7/3/1992
Wiatt,Szymon,Annecy,France,Aymara,3/7/2003
Leopold,Domingues,Shuanglongchang,China,Gujarati,2/19/2003
Milicent,Haccleton,Venëv,Russia,Kyrgyz,7/17/2016
Hube,Amor,Kesha,China,Haitian Creole,6/29/1998
Nanon,Prendergrass,Songnim,North Korea,Finnish,5/7/1997
Florencia,Mengue,Ormož,Slovenia,Hiri Motu,1/28/2002
Irma,Bluschke,Povorino,Russia,Malay,4/14/2010
Sue,Quinby,Ban Khok,Thailand,Japanese,6/28/1997
Enoch,Mathey,Al Jawādīyah,Syria,Dari,10/30/2008
Del,Lammerts,Sutysky,Ukraine,Georgian,10/24/2002
Sosanna,Halsworth,San Vicente,Philippines,Indonesian,10/15/2000
Virgie,Cantu,Sa’erhusong,China,Lithuanian,10/2/2020
Reinhard,Beaulieu,Sōja,Japan,Swahili,6/26/1998
Aurelie,Atthow,Mŭynoq,Uzbekistan,Luxembourgish,4/14/2010
Cheryl,Reeday,Perpignan,France,Marathi,2/1/2017
Carolee,Jouannisson,Augusta,United States,Thai,7/17/1995
Joelie,Ramas,Almirante,Panama,Malay,11/28/2013
Kenna,Wyeth,Heret,Indonesia,Albanian,8/6/2019
Chere,Mattussevich,Kyenjojo,Uganda,Khmer,10/24/1998
Judie,Bulch,Daguma,Philippines,Zulu,8/15/1999
Phoebe,Cancellor,Turangi,New Zealand,Northern Sotho,2/7/1994
Harrison,Barthel,La Salud,Cuba,Gujarati,2/24/2004
Lanni,Westgarth,Ang Thong,Thailand,Kannada,12/23/2005
Ottilie,Gilks,Vetluzhskiy,Russia,Thai,7/11/2006
Hammad,Fice,Campo Mourão,Brazil,Khmer,8/23/2020
Ariana,Henzer,Amparafaravola,Madagascar,Bosnian,8/28/2005
Yvor,Hotton,Senggapi,Indonesia,Dzongkha,7/29/2013
Hirsch,Bryett,Shuanglongchang,China,Haitian Creole,1/13/1990
Binnie,Toller,Krajan Craken,Indonesia,Malay,8/20/2008
Maisey,Turbat,Shanshi,China,Hungarian,12/14/2005
Filia,Gartsyde,Sung Noen,Thailand,Arabic,5/25/1990
Fina,Candlin,San Luis,Cuba,Māori,8/11/2002
Johannes,Kingescot,Evansville,United States,Oriya,5/23/2003
Sheela,Sirmond,Rājo Khanāni,Pakistan,Thai,4/24/2009
Murvyn,Syalvester,Brodnica,Poland,Indonesian,4/2/1999
Lurette,Sprowson,Mashan,China,Georgian,8/24/2002
Sybille,Mohammad,Puubheto,Indonesia,Burmese,9/5/2019
Leta,Vowles,Saint Pierre,Mauritius,Maltese,8/28/2015
Paquito,Lewins,Zhongba,China,Korean,6/3/1997
Danielle,Housiaux,Porto Velho,Brazil,Polish,9/3/2000
Felecia,Rogan,Pilpichaca,Peru,Georgian,8/31/1995
Base,Claisse,Longtang,China,Finnish,1/3/2003
Marguerite,Twyning,Ngasinan,Indonesia,Punjabi,3/1/2018
Damara,Bonnefin,Alcabideche,Portugal,Malayalam,11/17/2012
Valaree,Catcherside,Mönsterås,Sweden,Mongolian,6/30/1992
Margaretha,Marrett,Brodarica,Croatia,Swahili,6/25/2017
Thorin,Shacklady,Gambaru,Nigeria,Swahili,1/11/2020
Juliette,Neylan,Qinjia,China,Khmer,12/8/2004
Ruthy,Toten,Sol’tsy,Russia,Fijian,1/28/1994
Domini,Flower,Lunik,Albania,Arabic,7/8/2009
Juieta,Dabbes,Bader,Indonesia,Indonesian,10/15/1998
Kirsteni,Duckerin,Nafada,Nigeria,Irish Gaelic,11/5/2009
Selma,Aubrun,Xinglong,China,Romanian,9/18/2016
Steffen,Benson,Peña Blanca,Honduras,Tetum,5/19/1997
Zsazsa,McGlaud,Indianapolis,United States,Albanian,1/4/2008
Piggy,Treasaden,Talavera,Philippines,Finnish,5/7/1992
Skippy,Etchingham,Dawwār Tīnjah,Tunisia,Assamese,9/7/2009
Valenka,Dixcey,Kunwi,South Korea,Montenegrin,2/18/2002
Tamra,Foy,Golek,Indonesia,Thai,10/1/2014
Freedman,Grassin,Jiulian,China,Papiamento,9/7/2012
Ambrosius,Wollacott,Fujieda,Japan,New Zealand Sign Language,4/24/2019
Sander,Eite,Shënmëri,Albania,New Zealand Sign Language,1/22/2020
Shepherd,Butland,Padangguci,Indonesia,New Zealand Sign Language,8/4/2010
Granny,Scarrott,Shar’ya,Russia,Polish,2/16/1993
Panchito,Issard,Baharly,Turkmenistan,Lao,5/7/2002
Ailey,Cammacke,Karlskoga,Sweden,Māori,2/9/2007
Zarla,Tremoulet,Vári,Greece,Quechua,11/28/2019
Thayne,Aggis,Gazojak,Turkmenistan,Quechua,1/5/2001
Brnaby,Ritelli,Beima,China,Aymara,6/10/2005
Larisa,Quigley,Orekhovo-Borisovo Severnoye,Russia,Kashmiri,12/22/1999
Tiffany,Macak,Fuquan,China,Punjabi,8/3/2001
Emilee,Shoubridge,Sainte-Agathe-des-Monts,Canada,Swati,2/13/1995
Cello,Comben,Leuwipicung,Indonesia,Norwegian,10/2/1997
Gibb,Capewell,Sandaohezi,China,Gujarati,3/17/1994
Guillema,Spires,Rengo,Chile,Macedonian,12/3/2020
Rochester,Bowart,Caetité,Brazil,Greek,7/16/1996
Godfree,Puttock,Bárrio,Portugal,Dari,7/23/2020
Carina,Whittek,Sanhe,China,Bengali,5/19/2013
Ammamaria,Leidecker,Fresno,United States,Fijian,10/16/1997
Haley,Sirette,Almargem do Bispo,Portugal,Portuguese,3/4/1992
Devonne,Oxterby,Caohe,China,Danish,5/10/1994
Concettina,Prugel,Kiiminki,Finland,Assamese,10/16/2008
Reagen,Abbey,Palaífyto,Greece,Hungarian,11/10/1994
Rebecca,Jory,Chiri-Yurt,Russia,Hungarian,9/20/2009
Fraze,Elphinston,Venda,Portugal,Kannada,1/6/2007
Justin,Rogger,Yingtou,China,Kurdish,11/29/1991
Atalanta,Astill,Český Těšín,Czech Republic,Telugu,8/3/1992
Johanna,Diano,Taiyanghe,China,New Zealand Sign Language,7/3/1993
Englebert,Aaronsohn,Abū Tīj,Egypt,Filipino,10/24/2004
Tamqrah,Tripony,Currais,Portugal,Kurdish,4/15/2018
Kristofer,Alessandrini,Phra Phrom,Thailand,Polish,8/21/2017
Valida,Blincowe,Duzhenwan,China,Persian,7/12/2009
Beilul,Stanbra,Cigebrok,Indonesia,Bislama,11/1/2007
Bernadina,Saipy,Ignacio Zaragoza,Mexico,Swedish,7/22/2019
Corny,Orht,Franca,Brazil,West Frisian,10/31/1990
Gene,Prandy,Hyesan-dong,North Korea,Tetum,7/24/2004
Maureene,Fortman,Babakan,Indonesia,Luxembourgish,11/17/2020
Joline,Gonnard,Reims,France,Greek,9/24/1999
Harlen,Ridings,Dzhebariki-Khaya,Russia,Japanese,3/17/2016
Catrina,Bellon,Adani,Nigeria,Bosnian,2/20/2005
Alanah,Haeslier,Yinjiang,China,Dari,8/3/2013
Lucho,Glyn,Longcheng,China,Kazakh,9/1/1994
Candis,Ellerbeck,Vuhlehirs’k,Ukraine,Portuguese,5/13/1994
Sorcha,Harpham,Sanbao,China,Afrikaans,10/4/1998
Gennifer,Learoid,Neglasari,Indonesia,Tetum,10/6/2002
Raf,Couch,Dachuan,China,Marathi,1/12/2008
Dag,Boole,Le Mans,France,Dari,12/9/2012
Jennifer,Thorpe,Spokoynaya,Russia,Swedish,1/25/2009
Kimble,Bertl,Xicheng,China,Finnish,12/6/1999
Klarrisa,Sephton,Shīrvān,Iran,Arabic,11/4/1997
Arlana,Beadell,Portela,Portugal,Haitian Creole,10/10/1995
Jamima,Colles,Massy,France,Norwegian,12/23/2018
Venus,Aldis,Arshaluys,Armenia,Oriya,10/20/2009
Marga,Wylder,Aketi,Democratic Republic of the Congo,Bosnian,2/28/1999
Lynn,Stickley,Balitai,China,Arabic,3/4/1992
Berta,Cordeux,Kotel,Bulgaria,West Frisian,11/18/2017
Codee,Eccleston,San Pedro,Bolivia,Tamil,2/19/2015
Junie,Saltrese,Huantuo,China,Zulu,12/15/1992
Genna,Balchin,Addiet Canna,Ethiopia,Kazakh,1/31/2014
Cosmo,Kos,Jiazi,China,Gagauz,2/22/2004
Margaret,Sheal,Chok Chai,Thailand,Kashmiri,7/31/1992
Elianore,MacLaughlin,Qingyang,China,Tsonga,12/21/2004
Carree,Dunkerley,Ikar,Indonesia,Malay,5/12/1993
Eldridge,Probbing,Langchi,China,Māori,1/19/1995
Dody,Comport,Songhae,South Korea,Telugu,6/23/1991
Lorain,Dombrell,Vidual,Portugal,Quechua,8/7/2016
Eddy,Wigsell,Krasnyy Profintern,Russia,Lithuanian,3/2/1994
Desiri,Greenstock,Shiling,China,Assamese,10/17/2012
Roanne,Voelker,Uitiuhtuan,Indonesia,Malayalam,12/29/1997
Etty,Lyman,Capellanía,Panama,Spanish,7/18/1990
Barbette,Massingberd,Mutā Khān,Afghanistan,Northern Sotho,10/6/2014
Lucie,Narup,Một Ngàn,Vietnam,Ndebele,8/2/2004
Maxim,Ferruzzi,Shuyuan Zhen,China,Belarusian,5/2/1997
Jeffry,Kenton,Lantang,China,Arabic,6/8/2000
Ivie,Bestall,Kaducondong,Indonesia,Guaraní,9/24/2020
Amanda,Kesterton,Brits,South Africa,Quechua,10/19/2016
Nancey,Asple,Qingfa,China,Haitian Creole,7/2/1996
Eba,Maidment,Sudimoro,Indonesia,Oriya,12/3/2003
Joshua,Wilks,Cigaleuh Kulon,Indonesia,Guaraní,8/31/1997
Kirbee,Gadsdon,Petrov,Czech Republic,Oriya,9/18/2016
Clevie,Simeoni,Ciguha Tengah,Indonesia,Hungarian,11/3/2019
Dieter,Eppson,Pirapora do Bom Jesus,Brazil,Albanian,10/11/2017
Mathilda,Agiolfinger,Göteborg,Sweden,Armenian,3/2/2009
Federica,Caney,Ribeirão da Ilha,Brazil,Irish Gaelic,10/8/2013
Fairfax,Crate,Liborina,Colombia,West Frisian,7/15/2009
Earvin,Abramovicz,Santa Fe,Philippines,Belarusian,1/27/1997
Baldwin,Collough,Shtip,Macedonia,Amharic,4/8/2011
Anallese,Figurski,Mnelalete,Indonesia,Macedonian,7/23/2020
Shurwood,Gauchier,Talacogon,Philippines,Gujarati,10/22/2007
Malcolm,Gauler,Abnūb,Egypt,Swahili,8/18/2014
Christine,Dimitriades,Pulau Pinang,Malaysia,Afrikaans,6/24/1990
Priscella,Emmines,Hato Mayor del Rey,Dominican Republic,Dutch,2/8/2017
Emyle,Greaser,Luozhou,China,Kurdish,10/25/1990
Melody,Ponton,Stockholm,Sweden,Haitian Creole,4/9/2005
Pammie,Terran,Dobrzyca,Poland,Telugu,10/4/2020
Vilhelmina,Simounet,Saint John,Malta,Quechua,6/4/2018
Doe,Kytter,Lubaczów,Poland,Bislama,2/6/2014
Brion,Dines,Hejiang,China,Hungarian,5/7/2004
Lois,Upshall,Salamanca,Chile,French,8/8/1992
Bradley,Roundtree,Plérin,France,Tajik,10/29/2014
Valenka,Ible,Turmus‘ayyā,Palestinian Territory,Sotho,10/27/1992
Harli,Rebillard,Ngorongoro,Tanzania,Malagasy,6/1/2001
Gipsy,Ceillier,Jinhai,China,Dhivehi,4/4/2011
Cedric,Santo,Kota Kinabalu,Malaysia,German,5/20/1991
Renate,Clemetts,Changfu,China,Burmese,7/30/2011
Daffie,Rapkins,Maliuzui,China,Kashmiri,2/23/2002
Rice,Reeson,Dourbali,Chad,Yiddish,12/15/2012
Corrianne,Lalley,Chunoyar,Russia,Yiddish,11/30/2005
Konstantine,Bowdidge,Arlöv,Sweden,Armenian,1/23/2021
Dale,Langcastle,Novhorod-Sivers’kyy,Ukraine,Indonesian,5/30/2019
Brinna,Nissle,Cilangkap,Indonesia,Malayalam,2/4/2014
Jade,Ivanyutin,Gogaran,Armenia,Portuguese,1/6/2015
Ginnie,Forten,Al Ibrāhīmīyah,Egypt,Azeri,7/15/2015
Luelle,Holstein,San Martín Zapotitlán,Guatemala,Yiddish,3/23/1997
Katalin,Hymor,Puerto Eldorado,Argentina,Azeri,1/24/2011
Pru,Robottom,Zhireken,Russia,Fijian,11/2/2002
Winifield,Dadge,Laocheng,China,Dutch,7/10/2007
Stace,Keller,Denver,United States,Korean,3/12/2011
Jerrine,Baxstar,Ciénega,Colombia,Kurdish,4/1/1998
Bar,Wymer,Saint-Brieuc,France,Polish,2/9/1991
Ernaline,Dudgeon,Davydovo,Russia,Aymara,2/24/2014
Tess,Brummell,Huanghe,China,Maltese,2/22/1999
Honoria,Jadczak,Corga,Portugal,Papiamento,4/4/2013
Ernie,Grainger,Gelang,Indonesia,Hebrew,9/26/2006
Joaquin,Nealy,Bobigny,France,Oriya,1/17/2011
Angel,Racine,Anuling,Philippines,Haitian Creole,4/29/2014
Coop,Wortman,Jasienica Rosielna,Poland,Gujarati,8/19/1999
Sunny,Leman,Campo Alegre,Brazil,Fijian,4/7/1997
Bendix,Pointer,Banjar Brahmanabukit,Indonesia,German,11/11/2001
Freida,Wartnaby,Sarband,Tajikistan,Somali,2/4/2016
Edith,Rosenboim,Jinghai,China,Norwegian,3/2/2018
Alika,Hattrick,Limbaan,Philippines,Japanese,4/4/2007
Laney,Heaselgrave,Samal,Philippines,Sotho,9/19/2019
Antons,Clive,Cerro Azul,Argentina,Guaraní,8/18/1996
Elijah,Rosengart,Tarakan,Indonesia,Bosnian,6/20/2008
Hy,Dugald,Den Chai,Thailand,New Zealand Sign Language,12/20/2018
Neil,Dunton,Ziway,Ethiopia,Hebrew,11/4/1993
Gabey,McLaggan,Orekhovo-Zuyevo,Russia,Mongolian,11/13/2002
Auroora,Hutchin,Sindanghayu,Indonesia,Fijian,6/10/1994
Nikos,Good,San Pedro Carchá,Guatemala,Zulu,5/24/2016
Beilul,Moncrefe,Saint Paul,United States,Azeri,3/10/1999
Terza,Durie,Ashley,United Kingdom,Dzongkha,6/25/2014
Stevena,Traice,Nanyaojie,China,Bengali,4/17/2000
Amalita,Nasey,Jiupu,China,Quechua,10/17/2014
Marci,Sulter,Nalus,Philippines,Chinese,7/2/1998
Oswell,Bortolussi,Lemahputih,Indonesia,Tetum,7/28/1999
Jaclin,Marlin,Pochuta,Guatemala,Burmese,11/5/2011
Myrwyn,Arguile,Karangranjong,Indonesia,Belarusian,7/17/2001
Frederic,Manwell,Taurija,Peru,Spanish,4/27/2011
Rosemaria,Syer,Dodoma,Tanzania,Dhivehi,12/27/2008
Elissa,Lerer,Xufeng,China,Tamil,9/29/2017
Arman,Welford,Fengting,China,German,1/14/2010
Bogart,MacNamee,Irkliyevskaya,Russia,Oriya,10/18/2015
Fielding,Featherstonhaugh,Labog,Philippines,Finnish,8/26/1990
Ashli,Harriott,Yeroẖam,Israel,Bosnian,1/29/2018
Melinde,Bosomworth,Breda,Netherlands,Montenegrin,12/12/2009
Randa,Crennell,Sirnarasa,Indonesia,Romanian,6/15/2000
Zorah,Carrabot,Zhangqiang,China,Dari,8/14/2019
Collete,Kiera,Viana do Alentejo,Portugal,Icelandic,6/4/2016
Ingrid,Workes,Kuala Terengganu,Malaysia,Aymara,8/7/2011
Annabelle,Dunnet,Shucheng Chengguanzhen,China,Montenegrin,2/26/2002
Garold,O'Downe,Santa Rosa,Argentina,West Frisian,12/10/2014
Vic,Keeble,Toulouse,France,Tajik,9/25/2000
Kendrick,Lally,Mata,Portugal,Tajik,8/22/2010
Nestor,Krier,Nizhnedevitsk,Russia,Amharic,6/13/2003
Bernice,Aggiss,Darovskoy,Russia,Kashmiri,9/5/1995
Caryl,Stanworth,Konstantinovskoye,Russia,English,6/20/1991
Philis,Benwell,Nacka,Sweden,Quechua,1/27/2014
Pepi,Rens,Loutrós,Greece,Zulu,8/7/1999
Tiffi,Loomis,Neyrīz,Iran,Lao,5/4/2020
Milo,Jamieson,Santol,Philippines,Northern Sotho,2/25/2010
Orbadiah,Lippard,Ayacucho,Peru,Japanese,4/20/2007
Gallard,Kimbell,Deir Ḥannā,Israel,Dhivehi,8/21/2002
Elysee,Teall,Qiubin,China,Kyrgyz,8/19/1994
Eldridge,Grigolli,Ashbourne,Ireland,Pashto,8/16/1999
Tamera,Steadman,Chalcos,Peru,Tok Pisin,8/9/1991
Kelsey,Maryska,Strenči,Latvia,French,12/30/1992
Sheff,Ivushkin,Farafenni,Gambia,Macedonian,12/16/2005
Evangelina,Adamou,Boulogne-sur-Mer,France,Croatian,12/6/1994
Anabel,Alyutin,Tierra Blanca,Mexico,Nepali,4/17/2014
Gusti,Woolpert,Jiabei,China,Gagauz,1/7/2006
Emelita,Surgood,Cankuzo,Burundi,Oriya,2/11/2015
Minor,Gurden,Pampierstad,South Africa,Assamese,4/4/2010
Brewster,Melchior,Mountain View,United States,Zulu,9/9/2019
Skippy,Hillan,Juru,Brazil,Yiddish,9/7/2008
Jeanna,Wildblood,Soasio,Indonesia,Gujarati,8/2/2001
Garvey,Cumpton,Sindangjawa,Indonesia,Albanian,7/4/1990
Kristin,Lomen,Roubaix,France,Kashmiri,1/18/2014
Roseanna,Scholer,Ramos West,Philippines,Tsonga,12/4/2009
Vasily,Robbert,Toledo,United States,Māori,10/6/1992
Rickie,Chadwell,Sittwe,Myanmar,Spanish,8/3/1997
Lane,Meindl,Bayanan,Philippines,Hebrew,9/10/2006
Bernie,Noblett,Swords,Ireland,Hindi,9/21/2002
Hansiain,Dudden,Zhongzuiling,China,Tamil,6/24/2004
Maxwell,Allbones,Chiba,Japan,Telugu,4/16/2014
Kahlil,Iglesia,Hamar,Norway,Irish Gaelic,9/7/1996
Starlene,Matic,Nine,Portugal,Lao,1/10/2004
Isaac,Nasey,Sungi Liput,Indonesia,West Frisian,2/25/2014
Barbie,Rego,Damaishan,China,Norwegian,5/24/2004
Diarmid,Blenkinsopp,Hanjiashu,China,Montenegrin,12/30/2002
Gabriela,Grand,Laowobao,China,Afrikaans,8/21/2015
Virginie,Paute,Tanjung,Indonesia,Latvian,12/17/2013
Alley,McGinnis,Bakıxanov,Azerbaijan,Moldovan,3/17/2009
Rollo,Gerrey,Marićka,Bosnia and Herzegovina,Afrikaans,12/22/2011
Selinda,Folli,Sidrolândia,Brazil,Punjabi,9/13/2000
Adrienne,Ousley,Lipci,Montenegro,Punjabi,3/20/2004
Matthaeus,Denington,Baisha,China,Bulgarian,12/23/2011
Samuele,Cowsby,Krasnyy Kholm,Russia,Arabic,5/19/2016
Leslie,McQuillen,Mikhaylovka,Russia,Swati,9/30/2002
Zacharia,Blakes,Balitai,China,Burmese,7/11/1994
Tybie,California,Sainte-Thérèse,Canada,Tok Pisin,8/16/1999
Kass,Leathlay,Huanggu,China,New Zealand Sign Language,2/2/1995
Carlita,Womersley,Sawankhalok,Thailand,Icelandic,8/23/2016
Sib,Delbergue,Modderfontein,South Africa,Māori,6/9/1999
Trisha,Conwell,Karangmelok,Indonesia,Kazakh,7/23/2012
